player_id,deposit_amount,withdrawal_amount,num_deposit,num_withdrawal,games_played,loyalty_points,rank,bonus_amount
P005,2500,1000,2,1,35,37.001999999999995,5,147174.40417475416
P003,2700,300,2,1,33,35.102000000000004,3,139617.20813313394
P002,1500,1500,2,1,24,27.302,2,108592.92964648233
P001,1200,500,2,1,24,19.302,1,76773.15683966017
P004,0,800,0,1,15,7.0,4,27842.30120596939
